component,title,layer,purpose,source_file,source_sha256,runtime_owner,integration_mechanism,binding_notes,implementation_status,vec1_terminal_state,closure_reason
001,Electron Genome,Identity & Genome,Immutable canonical description of what the virtual electron is.,001_Electron_Genome.md,62df82966fb62f58b8f83fca4d6761d04be42675218ce6e7487c3471edaf870b,VEC_CONTROL+ALL_NODES,Identity/genome plane,canonical portable genome/EIR bound to PA-LCTL and all target manifestations,REFERENCE_IMPLEMENTED,BLOCKED,"Full VEC1 component closure requires all 2,604 actionable items and independent evidence review; this integration candidate does not fabricate that closure."
002,Genome Manifest,Identity & Genome,"Declares version, schema, capabilities, dependencies, and compatible VM targets.",002_Genome_Manifest.md,233c4b18e2b512a1f02e298d314c4a8b0f9f8b09fffbeffd926778f0dc5516c1,VEC_CONTROL+ALL_NODES,Identity/genome plane,canonical portable genome/EIR bound to PA-LCTL and all target manifestations,REFERENCE_IMPLEMENTED,BLOCKED,"Full VEC1 component closure requires all 2,604 actionable items and independent evidence review; this integration candidate does not fabricate that closure."
003,Genome SHA-256 Identity,Identity & Genome,Cryptographic fingerprint of the electron definition.,003_Genome_SHA_256_Identity.md,2c916709d437edf24e718d1b924986c93200633bcb8e053c797c8d9ea0c7d401,VEC_CONTROL+ALL_NODES,Identity/genome plane,canonical portable genome/EIR bound to PA-LCTL and all target manifestations,REFERENCE_IMPLEMENTED,BLOCKED,"Full VEC1 component closure requires all 2,604 actionable items and independent evidence review; this integration candidate does not fabricate that closure."
004,Canonical PA-LCTL Program,Identity & Genome,Portable executable representation shared across the DF VM suite.,004_Canonical_PA_LCTL_Program.md,17e0d957b3f549c9c840b3d99882bbcc078c47749968aca212b2111fe0cd96a3,VEC_CONTROL+ALL_NODES,Identity/genome plane,canonical portable genome/EIR bound to PA-LCTL and all target manifestations,REFERENCE_IMPLEMENTED,BLOCKED,"Full VEC1 component closure requires all 2,604 actionable items and independent evidence review; this integration candidate does not fabricate that closure."
005,Electron Intermediate Representation (EIR),Identity & Genome,VM-independent representation between the genome and target-specific lowering.,005_Electron_Intermediate_Representation_EIR.md,bd04e04b6aa1f93cab484e11a9b170738f1a5f9c03de447270c857a8e45806e3,VEC_CONTROL+ALL_NODES,Identity/genome plane,canonical portable genome/EIR bound to PA-LCTL and all target manifestations,REFERENCE_IMPLEMENTED,BLOCKED,"Full VEC1 component closure requires all 2,604 actionable items and independent evidence review; this integration candidate does not fabricate that closure."
006,Electron ID,Identity & Genome,Unique persistent identity for a virtual electron instance.,006_Electron_ID.md,0d01779a211a58a666b52e7caa3f9a6456a2f80810ea10be3bd8b37166eb479b,VEC_CONTROL+ALL_NODES,Identity/genome plane,canonical portable genome/EIR bound to PA-LCTL and all target manifestations,REFERENCE_IMPLEMENTED,BLOCKED,"Full VEC1 component closure requires all 2,604 actionable items and independent evidence review; this integration candidate does not fabricate that closure."
007,Generation ID,Identity & Genome,Indicates clone or fork generation.,007_Generation_ID.md,3f959190b26af4b0881df0fa700ea187b090b69671312cb4bd5c203d841b5970,VEC_CONTROL+ALL_NODES,Identity/genome plane,canonical portable genome/EIR bound to PA-LCTL and all target manifestations,REFERENCE_IMPLEMENTED,BLOCKED,"Full VEC1 component closure requires all 2,604 actionable items and independent evidence review; this integration candidate does not fabricate that closure."
008,Parent ID,Identity & Genome,Records which virtual electron produced a clone.,008_Parent_ID.md,36d73c7fe03c10c21b3b63471bdc2a4939beb413199c04a5468c8c4a0dd255d7,VEC_CONTROL+ALL_NODES,Identity/genome plane,canonical portable genome/EIR bound to PA-LCTL and all target manifestations,REFERENCE_IMPLEMENTED,BLOCKED,"Full VEC1 component closure requires all 2,604 actionable items and independent evidence review; this integration candidate does not fabricate that closure."
009,Lineage Record,Identity & Genome,Maintains the complete ancestry chain for cloned electrons.,009_Lineage_Record.md,00a9718062c7d2fad04b40f8eb69629496d582208a9adbc0dfc5fc35d17f3251,VEC_CONTROL+ALL_NODES,Identity/genome plane,canonical portable genome/EIR bound to PA-LCTL and all target manifestations,REFERENCE_IMPLEMENTED,BLOCKED,"Full VEC1 component closure requires all 2,604 actionable items and independent evidence review; this integration candidate does not fabricate that closure."
010,Genesis Record,Identity & Genome,Sealed initial configuration and state of the original electron.,010_Genesis_Record.md,14875f677654aa4fc9920d46444856f943a5ca5a36d7384b713099ab99072b6a,VEC_CONTROL+ALL_NODES,Identity/genome plane,canonical portable genome/EIR bound to PA-LCTL and all target manifestations,REFERENCE_IMPLEMENTED,BLOCKED,"Full VEC1 component closure requires all 2,604 actionable items and independent evidence review; this integration candidate does not fabricate that closure."
011,Charge Register,Virtual Physical-Properties Layer,"Represents the logical electron charge, normally -1.",011_Charge_Register.md,82dcbce564cb9c5629dbba9592427b52e8bfd699dba6004a450bd8ae84b0ef3a,VEC_CONTROL+DF0,Virtual property state,"deterministic logical state, placement and transition policy",REFERENCE_IMPLEMENTED,BLOCKED,"Full VEC1 component closure requires all 2,604 actionable items and independent evidence review; this integration candidate does not fabricate that closure."
012,Energy Register,Virtual Physical-Properties Layer,Stores the current virtual energy level.,012_Energy_Register.md,410a22241414c39e38b85b2f7954bb8b48708ca8d685eb8e2ba1f9d3c1f64410,VEC_CONTROL+DF0,Virtual property state,"deterministic logical state, placement and transition policy",REFERENCE_IMPLEMENTED,BLOCKED,"Full VEC1 component closure requires all 2,604 actionable items and independent evidence review; this integration candidate does not fabricate that closure."
013,Orbital Register,Virtual Physical-Properties Layer,"Stores the current logical orbital, plugin, or execution assignment.",013_Orbital_Register.md,d6143295b345f15244283d9b77ce92d50cc8c80b396a415a21223b88b1f01f78,VEC_CONTROL+DF0,Virtual property state,"deterministic logical state, placement and transition policy",REFERENCE_IMPLEMENTED,BLOCKED,"Full VEC1 component closure requires all 2,604 actionable items and independent evidence review; this integration candidate does not fabricate that closure."
014,State Register,Virtual Physical-Properties Layer,Stores the general electron state identifier.,014_State_Register.md,4bfb8b574552c706dd5170574f3ff0f7e491d11fc473096ec049a272d8918d59,VEC_CONTROL+DF0,Virtual property state,"deterministic logical state, placement and transition policy",REFERENCE_IMPLEMENTED,BLOCKED,"Full VEC1 component closure requires all 2,604 actionable items and independent evidence review; this integration candidate does not fabricate that closure."
015,Phase Register,Virtual Physical-Properties Layer,Provides a deterministic phase or state-cycle representation.,015_Phase_Register.md,a8eee2c6ec192627549e85732e18df73c62b4651e4e27b4d733adc9f3ad05324,VEC_CONTROL+DF0,Virtual property state,"deterministic logical state, placement and transition policy",REFERENCE_IMPLEMENTED,BLOCKED,"Full VEC1 component closure requires all 2,604 actionable items and independent evidence review; this integration candidate does not fabricate that closure."
016,Spin Register,Virtual Physical-Properties Layer,Provides a logical two-state property such as UP/DOWN or 0/1.,016_Spin_Register.md,9023f7e5adf8ca21a9c09364537d51b083936352dad2b53f40545a8cac547836,VEC_CONTROL+DF0,Virtual property state,"deterministic logical state, placement and transition policy",REFERENCE_IMPLEMENTED,BLOCKED,"Full VEC1 component closure requires all 2,604 actionable items and independent evidence review; this integration candidate does not fabricate that closure."
017,Momentum Vector,Virtual Physical-Properties Layer,Optional software representation of directional execution state.,017_Momentum_Vector.md,d83bcab7211748c1c54bd64573c455ca8f2b072d13fdb0d86133c7ae0fab15b5,VEC_CONTROL+DF0,Virtual property state,"deterministic logical state, placement and transition policy",REFERENCE_IMPLEMENTED,BLOCKED,"Full VEC1 component closure requires all 2,604 actionable items and independent evidence review; this integration candidate does not fabricate that closure."
018,Position/Node Vector,Virtual Physical-Properties Layer,Represents location within the virtual fabric rather than physical space.,018_Position_Node_Vector.md,4bf41c23736a8f334178f5aa5a564d6d2911ab6b9b7071045c53f0db9fe2181a,VEC_CONTROL+DF0,Virtual property state,"deterministic logical state, placement and transition policy",REFERENCE_IMPLEMENTED,BLOCKED,"Full VEC1 component closure requires all 2,604 actionable items and independent evidence review; this integration candidate does not fabricate that closure."
019,Interaction Radius,Virtual Physical-Properties Layer,Defines which other virtual entities the electron may communicate with.,019_Interaction_Radius.md,487a99c2ff382c8e57099d7ba5d10ad1383b1ae7306d6a4d335a5668fa9362d1,VEC_CONTROL+DF0,Virtual property state,"deterministic logical state, placement and transition policy",REFERENCE_IMPLEMENTED,BLOCKED,"Full VEC1 component closure requires all 2,604 actionable items and independent evidence review; this integration candidate does not fabricate that closure."
020,Energy Transition Table,Virtual Physical-Properties Layer,Defines legal changes between virtual energy levels.,020_Energy_Transition_Table.md,1c3d5e065cac8325a650f21e844afa8ffcf25faae2c0231e1ddba1dd955b7fec,VEC_CONTROL+DF0,Virtual property state,"deterministic logical state, placement and transition policy",REFERENCE_IMPLEMENTED,BLOCKED,"Full VEC1 component closure requires all 2,604 actionable items and independent evidence review; this integration candidate does not fabricate that closure."
021,Instruction Decoder,Computational Nucleus,Interprets canonical electron operations.,021_Instruction_Decoder.md,e5f782643fa55e568f34287a3750167603972bcfc511555b08cf772722b9939f,VEC_CONTROL+ALL_NODES,Computational nucleus,canonical control state + target-native bounded execution,REFERENCE_IMPLEMENTED,BLOCKED,"Full VEC1 component closure requires all 2,604 actionable items and independent evidence review; this integration candidate does not fabricate that closure."
022,State Transition Engine,Computational Nucleus,Computes State(t+1) from State(t) deterministically.,022_State_Transition_Engine.md,0acd05d1b21acafc88c36ba68e72a3cba87fc063e2a6eba78e4a425f9eb1faf1,VEC_CONTROL+ALL_NODES,Computational nucleus,canonical control state + target-native bounded execution,REFERENCE_IMPLEMENTED,BLOCKED,"Full VEC1 component closure requires all 2,604 actionable items and independent evidence review; this integration candidate does not fabricate that closure."
023,Register Bank,Computational Nucleus,Holds active runtime values for the electron.,023_Register_Bank.md,ba9b48f889cd827f7fd9f31cd6ceeebf9671ad7d10d12f3ae573469d93569aaa,VEC_CONTROL+ALL_NODES,Computational nucleus,canonical control state + target-native bounded execution,REFERENCE_IMPLEMENTED,BLOCKED,"Full VEC1 component closure requires all 2,604 actionable items and independent evidence review; this integration candidate does not fabricate that closure."
024,Local Working Memory,Computational Nucleus,Provides bounded mutable execution workspace.,024_Local_Working_Memory.md,828b4a3fc004fb13a8ad62b35302009fce735dfbbe96bc7303fb6f0719e00e61,VEC_CONTROL+ALL_NODES,Computational nucleus,canonical control state + target-native bounded execution,REFERENCE_IMPLEMENTED,BLOCKED,"Full VEC1 component closure requires all 2,604 actionable items and independent evidence review; this integration candidate does not fabricate that closure."
025,Persistent State Pointer,Computational Nucleus,Connects the electron to durable state maintained outside local working memory.,025_Persistent_State_Pointer.md,2d41a6b2c782fb3792a316d51f1ebb6ed5f7cd8286d6bf5880878a00a21660e7,VEC_CONTROL+ALL_NODES,Computational nucleus,canonical control state + target-native bounded execution,REFERENCE_IMPLEMENTED,BLOCKED,"Full VEC1 component closure requires all 2,604 actionable items and independent evidence review; this integration candidate does not fabricate that closure."
026,Deterministic Clock/Tick Counter,Computational Nucleus,Provides repeatable logical execution ordering.,026_Deterministic_Clock_Tick_Counter.md,d5715d32aafad7854069a243ed162880179961b83406de8fa186f1bf0e50a34b,VEC_CONTROL+ALL_NODES,Computational nucleus,canonical control state + target-native bounded execution,REFERENCE_IMPLEMENTED,BLOCKED,"Full VEC1 component closure requires all 2,604 actionable items and independent evidence review; this integration candidate does not fabricate that closure."
027,Deterministic PRNG,Computational Nucleus,Provides reproducible pseudorandom behavior when required.,027_Deterministic_PRNG.md,d2a87d492a0cbffd297b071a717f211b4eb9f947ebd40ab50927b9963ab0c800,VEC_CONTROL+ALL_NODES,Computational nucleus,canonical control state + target-native bounded execution,REFERENCE_IMPLEMENTED,BLOCKED,"Full VEC1 component closure requires all 2,604 actionable items and independent evidence review; this integration candidate does not fabricate that closure."
028,Instruction Counter,Computational Nucleus,Tracks executed operations.,028_Instruction_Counter.md,f4d0ad108746b3345c30fb042248061060281d713fe23abfc340c85ffb720b86,VEC_CONTROL+ALL_NODES,Computational nucleus,canonical control state + target-native bounded execution,REFERENCE_IMPLEMENTED,BLOCKED,"Full VEC1 component closure requires all 2,604 actionable items and independent evidence review; this integration candidate does not fabricate that closure."
029,Resource Meter,Computational Nucleus,"Accounts for CPU, time, memory, storage, and step budgets.",029_Resource_Meter.md,c2d7aedddb551f5c758e107d7268034628af88bf1b19bf292a0b8edef0350cd3,VEC_CONTROL+ALL_NODES,Computational nucleus,canonical control state + target-native bounded execution,REFERENCE_IMPLEMENTED,BLOCKED,"Full VEC1 component closure requires all 2,604 actionable items and independent evidence review; this integration candidate does not fabricate that closure."
030,Execution Status Register,Computational Nucleus,"Tracks running, suspended, blocked, faulted, and verified execution states.",030_Execution_Status_Register.md,ed7b578d4e2c8d156b59be903a56f6224896a269190304027c6d41bdf33da2c0,VEC_CONTROL+ALL_NODES,Computational nucleus,canonical control state + target-native bounded execution,REFERENCE_IMPLEMENTED,BLOCKED,"Full VEC1 component closure requires all 2,604 actionable items and independent evidence review; this integration candidate does not fabricate that closure."
031,Mailbox,Interaction System,Receives messages and events destined for a virtual electron.,031_Mailbox.md,f494a81655d404d24e6b3a6d276049ad35ed7ef1c148b7811668033e32555a39,DF0+N_LARGE,Fabric interaction plane,fabric routing with Large device/service edge,REFERENCE_IMPLEMENTED,BLOCKED,"Full VEC1 component closure requires all 2,604 actionable items and independent evidence review; this integration candidate does not fabricate that closure."
032,Outbound Queue,Interaction System,Buffers messages awaiting delivery.,032_Outbound_Queue.md,3cf5ed9b173cb0f3d73cc2fbf6c09348d248ab74e291570bec6a6b839c0e558b,DF0+N_LARGE,Fabric interaction plane,fabric routing with Large device/service edge,REFERENCE_IMPLEMENTED,BLOCKED,"Full VEC1 component closure requires all 2,604 actionable items and independent evidence review; this integration candidate does not fabricate that closure."
033,Interaction Bus Adapter,Interaction System,Connects an electron to DF_Fabric messaging and transport.,033_Interaction_Bus_Adapter.md,0dd9d7033fb00db7b2e26915d7c990959797b547c7949ccba5728789210a182f,DF0+N_LARGE,Fabric interaction plane,fabric routing with Large device/service edge,REFERENCE_IMPLEMENTED,BLOCKED,"Full VEC1 component closure requires all 2,604 actionable items and independent evidence review; this integration candidate does not fabricate that closure."
034,Peer Address Resolver,Interaction System,Locates other virtual particles and components.,034_Peer_Address_Resolver.md,2f3d6335220a95007c625e46da019e0fa683729c982171fa4053b175555f35f9,DF0+N_LARGE,Fabric interaction plane,fabric routing with Large device/service edge,REFERENCE_IMPLEMENTED,BLOCKED,"Full VEC1 component closure requires all 2,604 actionable items and independent evidence review; this integration candidate does not fabricate that closure."
035,Signal Encoder,Interaction System,Converts internal state and events into Fabric messages.,035_Signal_Encoder.md,54d3bc174ad21a9a2cb0c30d99b53f91cff3be8060658017dc067e2b695c4ecf,DF0+N_LARGE,Fabric interaction plane,fabric routing with Large device/service edge,REFERENCE_IMPLEMENTED,BLOCKED,"Full VEC1 component closure requires all 2,604 actionable items and independent evidence review; this integration candidate does not fabricate that closure."
036,Signal Decoder,Interaction System,Converts Fabric messages into validated electron events.,036_Signal_Decoder.md,aaddc8778ea8cea3a2d96f9be709dea4bdee57f1c61cd2c8daea37051250e2fd,DF0+N_LARGE,Fabric interaction plane,fabric routing with Large device/service edge,REFERENCE_IMPLEMENTED,BLOCKED,"Full VEC1 component closure requires all 2,604 actionable items and independent evidence review; this integration candidate does not fabricate that closure."
037,Event Router,Interaction System,Routes interactions to the correct handler.,037_Event_Router.md,e71ea773f7435314ec00b11cdc7de92e21940a75cf750c3381fbd43f499a3666,DF0+N_LARGE,Fabric interaction plane,fabric routing with Large device/service edge,REFERENCE_IMPLEMENTED,BLOCKED,"Full VEC1 component closure requires all 2,604 actionable items and independent evidence review; this integration candidate does not fabricate that closure."
038,Subscription Table,Interaction System,Defines events to which the electron responds.,038_Subscription_Table.md,8923bd9109c5301323972f1a44655f0d42f267de2560987cb9774b6f745fe40b,DF0+N_LARGE,Fabric interaction plane,fabric routing with Large device/service edge,REFERENCE_IMPLEMENTED,BLOCKED,"Full VEC1 component closure requires all 2,604 actionable items and independent evidence review; this integration candidate does not fabricate that closure."
039,Binding Table,Interaction System,"Associates the electron with plugins, agents, tools, or workloads.",039_Binding_Table.md,13f5c81eaa77d166d116057b6b6663a209f0bbc00bd5c483f378e5d7b62e04bd,DF0+N_LARGE,Fabric interaction plane,fabric routing with Large device/service edge,REFERENCE_IMPLEMENTED,BLOCKED,"Full VEC1 component closure requires all 2,604 actionable items and independent evidence review; this integration candidate does not fabricate that closure."
040,Interaction Policy,Interaction System,Defines which entities the electron is permitted to contact and under what conditions.,040_Interaction_Policy.md,46596672d95ead6ddf121e02c4bc6a06a643ca975fd58ab40935b03b714ba13b,DF0+N_LARGE,Fabric interaction plane,fabric routing with Large device/service edge,REFERENCE_IMPLEMENTED,BLOCKED,"Full VEC1 component closure requires all 2,604 actionable items and independent evidence review; this integration candidate does not fabricate that closure."
041,Freeze Controller,Clone Machinery,Halts the source electron at a deterministic state boundary.,041_Freeze_Controller.md,eba3d370fbd48381485228a3ae40b6e6908526d529176be83b857b06601a0711,VEC_CONTROL+DF0,Clone control plane,canonical freeze/snapshot/fork with fabric checkpoint hooks,REFERENCE_IMPLEMENTED,BLOCKED,"Full VEC1 component closure requires all 2,604 actionable items and independent evidence review; this integration candidate does not fabricate that closure."
042,State Canonicalizer,Clone Machinery,Converts VM-specific state into the common VEC state form.,042_State_Canonicalizer.md,6b6b1b59b21a244224814ebc4fa0624cb255c3e508c2d95ebc199621d4528b3c,VEC_CONTROL+DF0,Clone control plane,canonical freeze/snapshot/fork with fabric checkpoint hooks,REFERENCE_IMPLEMENTED,BLOCKED,"Full VEC1 component closure requires all 2,604 actionable items and independent evidence review; this integration candidate does not fabricate that closure."
043,Snapshot Engine,Clone Machinery,Produces sealed electron snapshots.,043_Snapshot_Engine.md,704616c5fb7c81fb02bcfc5af12764733a99885140b47e9d56c988e214fbba0f,VEC_CONTROL+DF0,Clone control plane,canonical freeze/snapshot/fork with fabric checkpoint hooks,REFERENCE_IMPLEMENTED,BLOCKED,"Full VEC1 component closure requires all 2,604 actionable items and independent evidence review; this integration candidate does not fabricate that closure."
044,Snapshot Hash,Clone Machinery,Cryptographically identifies a clone point.,044_Snapshot_Hash.md,bd96203b262eb2790587001da67a6e408e6b5440d58980446cdff28e056f4513,VEC_CONTROL+DF0,Clone control plane,canonical freeze/snapshot/fork with fabric checkpoint hooks,REFERENCE_IMPLEMENTED,BLOCKED,"Full VEC1 component closure requires all 2,604 actionable items and independent evidence review; this integration candidate does not fabricate that closure."
045,Fork Controller,Clone Machinery,Creates child electron instances from sealed state.,045_Fork_Controller.md,89e15723f1d9b7358ee71543882af84959efd9e0e37e3b9eb93ef58d3d892930,VEC_CONTROL+DF0,Clone control plane,canonical freeze/snapshot/fork with fabric checkpoint hooks,REFERENCE_IMPLEMENTED,BLOCKED,"Full VEC1 component closure requires all 2,604 actionable items and independent evidence review; this integration candidate does not fabricate that closure."
046,Clone-ID Generator,Clone Machinery,Creates unique descendant identifiers.,046_Clone_ID_Generator.md,38a6c1d18f78fd9b8fa9fde6cae8baa77f302a49992ede57ed4d88ec919ce91a,VEC_CONTROL+DF0,Clone control plane,canonical freeze/snapshot/fork with fabric checkpoint hooks,REFERENCE_IMPLEMENTED,BLOCKED,"Full VEC1 component closure requires all 2,604 actionable items and independent evidence review; this integration candidate does not fabricate that closure."
047,Copy-on-Write State Store,Clone Machinery,Avoids copying unchanged state for every clone.,047_Copy_on_Write_State_Store.md,678372ddf31a7d302e1a054e9ff10500d4b9a5db0e60ce572c121504a8764a7e,VEC_CONTROL+DF0,Clone control plane,canonical freeze/snapshot/fork with fabric checkpoint hooks,REFERENCE_IMPLEMENTED,BLOCKED,"Full VEC1 component closure requires all 2,604 actionable items and independent evidence review; this integration candidate does not fabricate that closure."
048,Clone Manifest,Clone Machinery,"Describes parent, child, snapshot, genome, and creation event.",048_Clone_Manifest.md,f213250db9534ae039b8c73d0730d627da019dc58f7caad8eb89025252bce3ef,VEC_CONTROL+DF0,Clone control plane,canonical freeze/snapshot/fork with fabric checkpoint hooks,REFERENCE_IMPLEMENTED,BLOCKED,"Full VEC1 component closure requires all 2,604 actionable items and independent evidence review; this integration candidate does not fabricate that closure."
049,Restore Engine,Clone Machinery,Instantiates an electron from a validated snapshot.,049_Restore_Engine.md,35c543ce263ad7c2a9b095f5491fc56efc85d76dfd43f942fb2d116244116963,VEC_CONTROL+DF0,Clone control plane,canonical freeze/snapshot/fork with fabric checkpoint hooks,REFERENCE_IMPLEMENTED,BLOCKED,"Full VEC1 component closure requires all 2,604 actionable items and independent evidence review; this integration candidate does not fabricate that closure."
050,Clone Equivalence Tester,Clone Machinery,Confirms parent and clone began from identical canonical state.,050_Clone_Equivalence_Tester.md,01c580fa6e3194a6d2263bdf6139a1ff2e04b0021fe62ea1c913b4fdfbf26f15,VEC_CONTROL+DF0,Clone control plane,canonical freeze/snapshot/fork with fabric checkpoint hooks,REFERENCE_IMPLEMENTED,BLOCKED,"Full VEC1 component closure requires all 2,604 actionable items and independent evidence review; this integration candidate does not fabricate that closure."
051,Canonical State Hash,Integrity & Evidence,Fingerprints the current logical state.,051_Canonical_State_Hash.md,7bc9fcaacf0d0ff9135b33c6e639fa29d6893c3755aa93b2516092f25cf87fa4,VEC_CONTROL+DF0,Integrity/evidence plane,"hashes, receipts, attestations, replay, fail-closed gates",REFERENCE_IMPLEMENTED,BLOCKED,"Full VEC1 component closure requires all 2,604 actionable items and independent evidence review; this integration candidate does not fabricate that closure."
052,Capability Hash,Integrity & Evidence,Fingerprints the permitted capability set.,052_Capability_Hash.md,41557efc19f7b4e064158d93be68f0c52570895f122e36f1abecc9cdfdd52223,VEC_CONTROL+DF0,Integrity/evidence plane,"hashes, receipts, attestations, replay, fail-closed gates",REFERENCE_IMPLEMENTED,BLOCKED,"Full VEC1 component closure requires all 2,604 actionable items and independent evidence review; this integration candidate does not fabricate that closure."
053,Configuration Hash,Integrity & Evidence,Fingerprints runtime configuration.,053_Configuration_Hash.md,33475f4e97ea6555b743822307a292029791c0740406f5430912efdb4a38d34d,VEC_CONTROL+DF0,Integrity/evidence plane,"hashes, receipts, attestations, replay, fail-closed gates",REFERENCE_IMPLEMENTED,BLOCKED,"Full VEC1 component closure requires all 2,604 actionable items and independent evidence review; this integration candidate does not fabricate that closure."
054,Execution Receipt,Integrity & Evidence,"Records what program ran, under which inputs, and its outcome.",054_Execution_Receipt.md,0b6bfb94b029b28cbb4a84668fc1c12eeb2330acfa1ce78086a1b3d39ea791ba,VEC_CONTROL+DF0,Integrity/evidence plane,"hashes, receipts, attestations, replay, fail-closed gates",REFERENCE_IMPLEMENTED,BLOCKED,"Full VEC1 component closure requires all 2,604 actionable items and independent evidence review; this integration candidate does not fabricate that closure."
055,Attestation Record,Integrity & Evidence,Records which VM nodes independently verified execution.,055_Attestation_Record.md,e7f9bef8ad2ce82d87aa80a1141ca1a6e83463fa28daf279b0ffeaf9f040f5a0,VEC_CONTROL+DF0,Integrity/evidence plane,"hashes, receipts, attestations, replay, fail-closed gates",REFERENCE_IMPLEMENTED,BLOCKED,"Full VEC1 component closure requires all 2,604 actionable items and independent evidence review; this integration candidate does not fabricate that closure."
056,Append-Only Event Ledger,Integrity & Evidence,Maintains the permanent electron history.,056_Append_Only_Event_Ledger.md,800714d1ae9de979cc898a05398b3bbd1a0d3a53cbf0f11ceab70cb6d1c0b1d3,VEC_CONTROL+DF0,Integrity/evidence plane,"hashes, receipts, attestations, replay, fail-closed gates",REFERENCE_IMPLEMENTED,BLOCKED,"Full VEC1 component closure requires all 2,604 actionable items and independent evidence review; this integration candidate does not fabricate that closure."
057,Replay Engine,Integrity & Evidence,Reconstructs execution from recorded deterministic events.,057_Replay_Engine.md,61e76752e6e3718438de5497a7f483b592da8626c810e96e334cb7a730d4a4b9,VEC_CONTROL+DF0,Integrity/evidence plane,"hashes, receipts, attestations, replay, fail-closed gates",REFERENCE_IMPLEMENTED,BLOCKED,"Full VEC1 component closure requires all 2,604 actionable items and independent evidence review; this integration candidate does not fabricate that closure."
058,Tamper Detector,Integrity & Evidence,"Rejects altered genome, state, manifest, and ledger artifacts.",058_Tamper_Detector.md,572975cb59a48dbf28d538ab8e784065dfa6a3ce80af42cac7086c615ebddaa6,VEC_CONTROL+DF0,Integrity/evidence plane,"hashes, receipts, attestations, replay, fail-closed gates",REFERENCE_IMPLEMENTED,BLOCKED,"Full VEC1 component closure requires all 2,604 actionable items and independent evidence review; this integration candidate does not fabricate that closure."
059,Schema Validator,Integrity & Evidence,Rejects malformed or incompatible VEC structures.,059_Schema_Validator.md,bd69d520ca79a5aef11fb5d5e11c3f69de56793d908e14f6114554e49687d962,VEC_CONTROL+DF0,Integrity/evidence plane,"hashes, receipts, attestations, replay, fail-closed gates",REFERENCE_IMPLEMENTED,BLOCKED,"Full VEC1 component closure requires all 2,604 actionable items and independent evidence review; this integration candidate does not fabricate that closure."
060,Fail-Closed Gate Controller,Integrity & Evidence,Prevents unverified instances or transitions from becoming operational.,060_Fail_Closed_Gate_Controller.md,d2d4097818bfd5330034aa884c15cf583a1ce3f06857c1a11f7b03fbc70d3908,VEC_CONTROL+DF0,Integrity/evidence plane,"hashes, receipts, attestations, replay, fail-closed gates",REFERENCE_IMPLEMENTED,BLOCKED,"Full VEC1 component closure requires all 2,604 actionable items and independent evidence review; this integration candidate does not fabricate that closure."
061,DF_Small Adapter,Four VM Manifestations,Provides the minimal/reference VEC implementation on DF_Small.,061_DF_Small_Adapter.md,86ec683dfd80bb5f777122857eef4d59e75e6e7241f59cf76429dfd2f2e5cd20,N_SMALL,DF_Small adapter,native C11 reference manifestation,REFERENCE_IMPLEMENTED,BLOCKED,"Full VEC1 component closure requires all 2,604 actionable items and independent evidence review; this integration candidate does not fabricate that closure."
062,MSSL Lowering Backend,Four VM Manifestations,Produces DF_Small-compatible MSSL representation.,062_MSSL_Lowering_Backend.md,d3857d5bec49c965d3d3dd7a6e88ae3f52a7fcdc50842d0ce057c7fe9ecc3a8e,N_SMALL,MSSL lowering,PA-LCTL rows -> MSSL/ASM-1 -> BRIM/1-v3,REFERENCE_IMPLEMENTED,BLOCKED,"Full VEC1 component closure requires all 2,604 actionable items and independent evidence review; this integration candidate does not fabricate that closure."
063,DF_Medium Adapter,Four VM Manifestations,Provides the main semantic/compiler validation environment.,063_DF_Medium_Adapter.md,1f8859844cbfc8a3ea62d237cf69ef7f8af138392c0e38cce290c9cdb44fc14e,N_MEDIUM,DF_Medium adapter,semantic/compiler validation manifestation,REFERENCE_IMPLEMENTED,BLOCKED,"Full VEC1 component closure requires all 2,604 actionable items and independent evidence review; this integration candidate does not fabricate that closure."
064,Medium LCTLC Backend,Four VM Manifestations,Generates DF_Medium-specific LCTLC executable form.,064_Medium_LCTLC_Backend.md,18a48f6f2d19127af2acaf772a928fd1558cbc08e373347acc271721dddb7ad9,N_MEDIUM,LCTLC/1.1 lowering,PA-LCTL rows -> LCTLC/1.1 -> BRIR/1.1 -> BRIM,REFERENCE_IMPLEMENTED,BLOCKED,"Full VEC1 component closure requires all 2,604 actionable items and independent evidence review; this integration candidate does not fabricate that closure."
065,DF_Large Adapter,Four VM Manifestations,"Provides service, device, and external-interface execution on DF_Large.",065_DF_Large_Adapter.md,8847cc0b6ca3d06eca4454112e6fd4596271b7e84f6c13c7e1a49bf68415b9ab,N_LARGE,DF_Large adapter,device/service/host-interface manifestation,REFERENCE_IMPLEMENTED,BLOCKED,"Full VEC1 component closure requires all 2,604 actionable items and independent evidence review; this integration candidate does not fabricate that closure."
066,Large LCTLC Backend,Four VM Manifestations,Generates DF_Large-specific LCTLC executable form.,066_Large_LCTLC_Backend.md,0435b3a48b77cda47fd4e6cf94324291df67d82d5afcc3f2bef4c374b8dd4018,N_LARGE,LCTLC/1.2 lowering,PA-LCTL rows -> LCTLC/1.2 -> BRIM/1,REFERENCE_IMPLEMENTED,BLOCKED,"Full VEC1 component closure requires all 2,604 actionable items and independent evidence review; this integration candidate does not fabricate that closure."
067,DF_Xtra_Large Adapter,Four VM Manifestations,Provides large-state and long-running electron execution.,067_DF_Xtra_Large_Adapter.md,e8f9ed83a983102453e8d039f3fca121b367fd22cd3bdf75d5a87eb6cf66f9eb,N_XLARGE,DF_Xtra_Large adapter,large-state/long-running hosted manifestation,REFERENCE_IMPLEMENTED,BLOCKED,"Full VEC1 component closure requires all 2,604 actionable items and independent evidence review; this integration candidate does not fabricate that closure."
068,XL/QVM Lowering Backend,Four VM Manifestations,Generates DF_Xtra_Large/QVM-compatible execution form.,068_XL_QVM_Lowering_Backend.md,1cc27c37243abff54eb7f4692a91cf7b3cfaa1cb977ca2e18844126331d0bd9b,N_XLARGE,QVM lowering,PA-LCTL rows -> LCTLC/1.0 -> QVM-BRIR/1 -> QBRIM 2,REFERENCE_IMPLEMENTED,BLOCKED,"Full VEC1 component closure requires all 2,604 actionable items and independent evidence review; this integration candidate does not fabricate that closure."
069,Result Normalizer,Four VM Manifestations,Maps target-specific result conventions into the common VEC result model.,069_Result_Normalizer.md,bca99762d1e323d2586eb5dc42f5fdadc612b5c9d549162c7f437eb1a1f39170,DF0,DF_Fabric,"cross-target normalization, scheduling, quorum, transport, recovery",REFERENCE_IMPLEMENTED,BLOCKED,"Full VEC1 component closure requires all 2,604 actionable items and independent evidence review; this integration candidate does not fabricate that closure."
070,Cross-Target Comparator,Four VM Manifestations,Verifies that all target manifestations produce equivalent logical results.,070_Cross_Target_Comparator.md,61840cbe461efb6ea4071f1cc745cc2d4720a9480b2d568817fa66323858f87b,DF0,DF_Fabric,"cross-target normalization, scheduling, quorum, transport, recovery",REFERENCE_IMPLEMENTED,BLOCKED,"Full VEC1 component closure requires all 2,604 actionable items and independent evidence review; this integration candidate does not fabricate that closure."
071,Electron Registry,DF_Fabric Environment,"Catalogs active, dormant, suspended, and retired VEC instances.",071_Electron_Registry.md,d510dc21db61f174912eb5e0e17046a38d6fe6911eb150072dea5dc53b172ebb,DF0,DF_Fabric,"cross-target normalization, scheduling, quorum, transport, recovery",REFERENCE_IMPLEMENTED,BLOCKED,"Full VEC1 component closure requires all 2,604 actionable items and independent evidence review; this integration candidate does not fabricate that closure."
072,Fabric Scheduler,DF_Fabric Environment,Determines when and where electrons execute.,072_Fabric_Scheduler.md,e4ccad8d853e8c1be0c592d85aeeefef6cb0aeefdbd2711b97e4d723e0850506,DF0,DF_Fabric,"cross-target normalization, scheduling, quorum, transport, recovery",REFERENCE_IMPLEMENTED,BLOCKED,"Full VEC1 component closure requires all 2,604 actionable items and independent evidence review; this integration candidate does not fabricate that closure."
073,Placement Engine,DF_Fabric Environment,"Assigns electrons to Small, Medium, Large, and Xtra-Large nodes.",073_Placement_Engine.md,45822447db32fce68f0d5b8d4bfda193eede2497c193bb15de7b8b7c0fa8cafa,DF0,DF_Fabric,"cross-target normalization, scheduling, quorum, transport, recovery",REFERENCE_IMPLEMENTED,BLOCKED,"Full VEC1 component closure requires all 2,604 actionable items and independent evidence review; this integration candidate does not fabricate that closure."
074,Replica Manager,DF_Fabric Environment,Creates and supervises parallel execution replicas.,074_Replica_Manager.md,e3bc05904f04348819d9211fc8d373800560e70b6d83cf9d357d22e7ecd0b991,DF0,DF_Fabric,"cross-target normalization, scheduling, quorum, transport, recovery",REFERENCE_IMPLEMENTED,BLOCKED,"Full VEC1 component closure requires all 2,604 actionable items and independent evidence review; this integration candidate does not fabricate that closure."
075,Quorum Manager,DF_Fabric Environment,Determines whether independent results reach the configured agreement threshold.,075_Quorum_Manager.md,121e4296ac0bc9129c1938f15230c0e4ee9f17ebac79c83c0f520b1386284b47,DF0,DF_Fabric,"cross-target normalization, scheduling, quorum, transport, recovery",REFERENCE_IMPLEMENTED,BLOCKED,"Full VEC1 component closure requires all 2,604 actionable items and independent evidence review; this integration candidate does not fabricate that closure."
076,Differential Verification Engine,DF_Fabric Environment,Compares heterogeneous-node results and identifies divergences.,076_Differential_Verification_Engine.md,c0dacf37da0661c3a6edf87d42ea291bc6410d91e46f0871d28f37b5a1661395,DF0,DF_Fabric,"cross-target normalization, scheduling, quorum, transport, recovery",REFERENCE_IMPLEMENTED,BLOCKED,"Full VEC1 component closure requires all 2,604 actionable items and independent evidence review; this integration candidate does not fabricate that closure."
077,Fabric Event Log,DF_Fabric Environment,Maintains the distributed execution and coordination history.,077_Fabric_Event_Log.md,82616f808ebb7a78fa100ad3d262df23a56b518184c1276f5fb8baf5b5167626,DF0,DF_Fabric,"cross-target normalization, scheduling, quorum, transport, recovery",REFERENCE_IMPLEMENTED,BLOCKED,"Full VEC1 component closure requires all 2,604 actionable items and independent evidence review; this integration candidate does not fabricate that closure."
078,Transport Layer,DF_Fabric Environment,"Moves messages, state, receipts, and control records between VM nodes.",078_Transport_Layer.md,557e02773ddc84b511c3e640e4c97f5cbed2d05d89952c435d2af2b73d5021b3,DF0,DF_Fabric,"cross-target normalization, scheduling, quorum, transport, recovery",REFERENCE_IMPLEMENTED,BLOCKED,"Full VEC1 component closure requires all 2,604 actionable items and independent evidence review; this integration candidate does not fabricate that closure."
079,Node Discovery System,DF_Fabric Environment,Locates compatible VM instances and their capability profiles.,079_Node_Discovery_System.md,7d2053b4cbef87f76e77c9bfc5b4d875043ac442e3d24fe235254b9023718dd2,DF0,DF_Fabric,"cross-target normalization, scheduling, quorum, transport, recovery",REFERENCE_IMPLEMENTED,BLOCKED,"Full VEC1 component closure requires all 2,604 actionable items and independent evidence review; this integration candidate does not fabricate that closure."
080,Health Monitor,DF_Fabric Environment,Determines whether VM hosts and VEC services are usable.,080_Health_Monitor.md,d1029b8f6b9a1dbf838b6916e2dcda0fc235f388632a5930827d2a48a805f025,DF0,DF_Fabric,"cross-target normalization, scheduling, quorum, transport, recovery",REFERENCE_IMPLEMENTED,BLOCKED,"Full VEC1 component closure requires all 2,604 actionable items and independent evidence review; this integration candidate does not fabricate that closure."
081,Recovery Coordinator,DF_Fabric Environment,Restarts or reconstructs failed electron instances.,081_Recovery_Coordinator.md,37eed710d329e2a39188e8c3b5bd6f95f981a0f73d82f344985144d67df03dad,DF0,DF_Fabric,"cross-target normalization, scheduling, quorum, transport, recovery",REFERENCE_IMPLEMENTED,BLOCKED,"Full VEC1 component closure requires all 2,604 actionable items and independent evidence review; this integration candidate does not fabricate that closure."
082,Checkpoint Coordinator,DF_Fabric Environment,Coordinates consistent distributed snapshots.,082_Checkpoint_Coordinator.md,e39f434afc2a50d104ccde0aeaa2dcc0980428660fd4e28521e683c631c0b2af,DF0,DF_Fabric,"cross-target normalization, scheduling, quorum, transport, recovery",REFERENCE_IMPLEMENTED,BLOCKED,"Full VEC1 component closure requires all 2,604 actionable items and independent evidence review; this integration candidate does not fabricate that closure."
083,Capability Manifest,Capability & Security Envelope,Explicitly states what the electron may do.,083_Capability_Manifest.md,d286a07e261bb1ee985fae9127a07805d4051e93d7b42bf35948eef25516e855,VEC_CONTROL+DF0,Security envelope,"deny-by-default capabilities, quotas, filesystem/network/host/plugin gates",REFERENCE_IMPLEMENTED,BLOCKED,"Full VEC1 component closure requires all 2,604 actionable items and independent evidence review; this integration candidate does not fabricate that closure."
084,Capability Tokens,Capability & Security Envelope,"Grants narrowly scoped, time- or context-bound permissions.",084_Capability_Tokens.md,119c393b6a227184edacf95cb09630717e5d5f2d6f5aeb80d8c0578bf9e389a7,VEC_CONTROL+DF0,Security envelope,"deny-by-default capabilities, quotas, filesystem/network/host/plugin gates",REFERENCE_IMPLEMENTED,BLOCKED,"Full VEC1 component closure requires all 2,604 actionable items and independent evidence review; this integration candidate does not fabricate that closure."
085,Resource Quotas,Capability & Security Envelope,"Constrains CPU, RAM, steps, storage, network, and concurrency.",085_Resource_Quotas.md,ff8b7272244f5913a732e8eb6bde12ad6377d813733dce31fb651830b942c154,VEC_CONTROL+DF0,Security envelope,"deny-by-default capabilities, quotas, filesystem/network/host/plugin gates",REFERENCE_IMPLEMENTED,BLOCKED,"Full VEC1 component closure requires all 2,604 actionable items and independent evidence review; this integration candidate does not fabricate that closure."
086,Filesystem Sandbox,Capability & Security Envelope,Restricts local filesystem access.,086_Filesystem_Sandbox.md,321209b615f729c564b9937e3214800168ca54cee59f7d07aaae68f92118c24c,VEC_CONTROL+DF0,Security envelope,"deny-by-default capabilities, quotas, filesystem/network/host/plugin gates",REFERENCE_IMPLEMENTED,BLOCKED,"Full VEC1 component closure requires all 2,604 actionable items and independent evidence review; this integration candidate does not fabricate that closure."
087,Network Sandbox,Capability & Security Envelope,Restricts outbound and inbound network connectivity.,087_Network_Sandbox.md,e48ba6299f192a2992dbdf30aa7a9406ad1b290e6aede6064ab65599f3a4c271,VEC_CONTROL+DF0,Security envelope,"deny-by-default capabilities, quotas, filesystem/network/host/plugin gates",REFERENCE_IMPLEMENTED,BLOCKED,"Full VEC1 component closure requires all 2,604 actionable items and independent evidence review; this integration candidate does not fabricate that closure."
088,Host-Call Gate,Capability & Security Envelope,Controls calls into Windows or other host services.,088_Host_Call_Gate.md,be3f94d4217ca939ba95292373d9ea824d051173bd0e75fed9c1ecaae58e52d3,VEC_CONTROL+DF0,Security envelope,"deny-by-default capabilities, quotas, filesystem/network/host/plugin gates",REFERENCE_IMPLEMENTED,BLOCKED,"Full VEC1 component closure requires all 2,604 actionable items and independent evidence review; this integration candidate does not fabricate that closure."
089,Plugin Gate,Capability & Security Envelope,Controls which plugins may be bound to a VEC orbital.,089_Plugin_Gate.md,8612fcbe98c606fac3a37ce8e31df4c9831828a8e7afd3b87b738bd804745ff2,VEC_CONTROL+DF0,Security envelope,"deny-by-default capabilities, quotas, filesystem/network/host/plugin gates",REFERENCE_IMPLEMENTED,BLOCKED,"Full VEC1 component closure requires all 2,604 actionable items and independent evidence review; this integration candidate does not fabricate that closure."
090,Privilege Boundary,Capability & Security Envelope,Separates electron execution authority from Fabric administration.,090_Privilege_Boundary.md,b1a2d634226b5e03fc5f82fe4cdf8cf0fa085f30d5a5441429299de4258f0402,VEC_CONTROL+DF0,Security envelope,"deny-by-default capabilities, quotas, filesystem/network/host/plugin gates",REFERENCE_IMPLEMENTED,BLOCKED,"Full VEC1 component closure requires all 2,604 actionable items and independent evidence review; this integration candidate does not fabricate that closure."
091,Kill/Suspend Switch,Capability & Security Envelope,Provides deterministic suspension and termination control.,091_Kill_Suspend_Switch.md,231022e2d007caba5e69ef3a7ae28eab9e83f08876892f3c14ba3b1a4ddbb1ee,VEC_CONTROL+DF0,Security envelope,"deny-by-default capabilities, quotas, filesystem/network/host/plugin gates",REFERENCE_IMPLEMENTED,BLOCKED,"Full VEC1 component closure requires all 2,604 actionable items and independent evidence review; this integration candidate does not fabricate that closure."
092,Recovery Policy,Capability & Security Envelope,"Defines permitted restart, replay, rollback, and reconstruction behavior.",092_Recovery_Policy.md,9201104bda619848a8e2677dffef9778caebf4f6b7815401943aad5f9c5c43ca,VEC_CONTROL+DF0,Security envelope,"deny-by-default capabilities, quotas, filesystem/network/host/plugin gates",REFERENCE_IMPLEMENTED,BLOCKED,"Full VEC1 component closure requires all 2,604 actionable items and independent evidence review; this integration candidate does not fabricate that closure."
093,Orbital Manager,QAM Integration,Assigns VECs to computational orbitals.,093_Orbital_Manager.md,c18018d52151ecb2696152ad2bbd1627b4f6e7646977456c018c8ed1aef4546f,N_XLARGE+DF0,QAM integration plane,orbital/pool/affinity state with fabric placement,REFERENCE_IMPLEMENTED,BLOCKED,"Full VEC1 component closure requires all 2,604 actionable items and independent evidence review; this integration candidate does not fabricate that closure."
094,Electron Pool,QAM Integration,Maintains available VEC workers and lifecycle state.,094_Electron_Pool.md,4e8d76a86dc30b21f9586054a00b23db234ca92125e50946abe0bf0f4b7fb615,N_XLARGE+DF0,QAM integration plane,orbital/pool/affinity state with fabric placement,REFERENCE_IMPLEMENTED,BLOCKED,"Full VEC1 component closure requires all 2,604 actionable items and independent evidence review; this integration candidate does not fabricate that closure."
095,Electron Affinity Map,QAM Integration,"Determines preferred proton, neutron, workload, and node associations.",095_Electron_Affinity_Map.md,4ddb85cd7ca885c70834d4d92607a75b8e5dc6d82f0d9324a9b2e7a9ee7846d2,N_XLARGE+DF0,QAM integration plane,orbital/pool/affinity state with fabric placement,REFERENCE_IMPLEMENTED,BLOCKED,"Full VEC1 component closure requires all 2,604 actionable items and independent evidence review; this integration candidate does not fabricate that closure."
096,Proton Interface,QAM Integration,Connects electrons to function or type components.,096_Proton_Interface.md,cd787d36cddbc266595144cd6960e502d13bb92e65da5afa517aed44ec9efd5a,N_XLARGE+DF0,QAM integration plane,orbital/pool/affinity state with fabric placement,REFERENCE_INTERFACE_ONLY,BLOCKED,"Full VEC1 component closure requires all 2,604 actionable items and independent evidence review; this integration candidate does not fabricate that closure."
097,Neutron Interface,QAM Integration,Connects electrons to persistence and management components.,097_Neutron_Interface.md,d1e273b25028a9298c5733365e7a24321c65248f5462bc8811c35089f5bdc350,N_XLARGE+DF0,QAM integration plane,orbital/pool/affinity state with fabric placement,REFERENCE_INTERFACE_ONLY,BLOCKED,"Full VEC1 component closure requires all 2,604 actionable items and independent evidence review; this integration candidate does not fabricate that closure."
098,Atomic Membership Record,QAM Integration,States which QAM atom owns or contains the electron.,098_Atomic_Membership_Record.md,9803202efad33ad2853ab2ec2c6869c4bc02b89d268c388e2e6b9410dc0dbd0c,N_XLARGE+DF0,QAM integration plane,orbital/pool/affinity state with fabric placement,REFERENCE_INTERFACE_ONLY,BLOCKED,"Full VEC1 component closure requires all 2,604 actionable items and independent evidence review; this integration candidate does not fabricate that closure."
099,Bond Interface,QAM Integration,Allows atoms and electrons to form higher-order computational structures.,099_Bond_Interface.md,e149997e3dee6c6563f05c83bb901d89174845c29b5a9b5fb9f77047f5331aed,N_XLARGE+DF0,QAM integration plane,orbital/pool/affinity state with fabric placement,REFERENCE_INTERFACE_ONLY,BLOCKED,"Full VEC1 component closure requires all 2,604 actionable items and independent evidence review; this integration candidate does not fabricate that closure."
100,Orbital Transition Controller,QAM Integration,Moves electrons between plugin or function roles under controlled policy.,100_Orbital_Transition_Controller.md,6cdde49b62e0e00470771e942edaafb4252962dc636b568a16a98404e849442f,N_XLARGE+DF0,QAM integration plane,orbital/pool/affinity state with fabric placement,REFERENCE_IMPLEMENTED,BLOCKED,"Full VEC1 component closure requires all 2,604 actionable items and independent evidence review; this integration candidate does not fabricate that closure."
101,Electron Inspector,Observability & Technical Institute,Displays live and historical VEC internal state.,101_Electron_Inspector.md,3d9cdcdd403f16bc663ea113073b07d93c58c7f061560b032cf8b8032d0313f4,VEC_CONTROL+UI,Observability plane,offline laboratory dashboard + evidence views,REFERENCE_IMPLEMENTED,BLOCKED,"Full VEC1 component closure requires all 2,604 actionable items and independent evidence review; this integration candidate does not fabricate that closure."
102,Lineage Viewer,Observability & Technical Institute,Visualizes clone ancestry and fork relationships.,102_Lineage_Viewer.md,c2d1b7f5fd78f872f35b38ee069a369cad22ebb49b1e12245a822fce6c05d3e5,VEC_CONTROL+UI,Observability plane,offline laboratory dashboard + evidence views,REFERENCE_IMPLEMENTED,BLOCKED,"Full VEC1 component closure requires all 2,604 actionable items and independent evidence review; this integration candidate does not fabricate that closure."
103,Orbital Viewer,Observability & Technical Institute,Visualizes current and historical orbital role and binding.,103_Orbital_Viewer.md,27fe7c3a07ae67d058bef54040610deeef1433f9e401d3917532df11113b0d2d,VEC_CONTROL+UI,Observability plane,offline laboratory dashboard + evidence views,REFERENCE_IMPLEMENTED,BLOCKED,"Full VEC1 component closure requires all 2,604 actionable items and independent evidence review; this integration candidate does not fabricate that closure."
104,State-Diff Viewer,Observability & Technical Institute,"Compares parent, clone, checkpoint, and target-normalized states.",104_State_Diff_Viewer.md,aa92b535fa877ce2dd61caacf683a5abf3701c988c14a599bccc60609aebd8cc,VEC_CONTROL+UI,Observability plane,offline laboratory dashboard + evidence views,REFERENCE_IMPLEMENTED,BLOCKED,"Full VEC1 component closure requires all 2,604 actionable items and independent evidence review; this integration candidate does not fabricate that closure."
105,Execution Trace Viewer,Observability & Technical Institute,"Displays instruction, event, and transition history.",105_Execution_Trace_Viewer.md,c44578e100bd9c904fe2b0a7228bda1f0fd554fc9d69335a3118ce51b93acceb,VEC_CONTROL+UI,Observability plane,offline laboratory dashboard + evidence views,REFERENCE_IMPLEMENTED,BLOCKED,"Full VEC1 component closure requires all 2,604 actionable items and independent evidence review; this integration candidate does not fabricate that closure."
106,Fabric Topology View,Observability & Technical Institute,"Displays which VM hosts each manifestation, replica, and service.",106_Fabric_Topology_View.md,fde9093838b2e8612a10f814080e227f82b4efb4d3b80243689c0da5f13405ac,VEC_CONTROL+UI,Observability plane,offline laboratory dashboard + evidence views,REFERENCE_IMPLEMENTED,BLOCKED,"Full VEC1 component closure requires all 2,604 actionable items and independent evidence review; this integration candidate does not fabricate that closure."
107,Quorum Dashboard,Observability & Technical Institute,"Displays replica agreement, disagreement, and quorum evidence.",107_Quorum_Dashboard.md,69f327a69222036040d01d5b6eebb5c6768d6f7b53612edfeda1d12f4880db5a,VEC_CONTROL+UI,Observability plane,offline laboratory dashboard + evidence views,REFERENCE_IMPLEMENTED,BLOCKED,"Full VEC1 component closure requires all 2,604 actionable items and independent evidence review; this integration candidate does not fabricate that closure."
108,Resource Dashboard,Observability & Technical Institute,"Displays CPU, memory, step, storage, and transport consumption.",108_Resource_Dashboard.md,468e49ed1a0f1ea19d92d2c12890b08047cb4795ae598962188d1aa3785e0c2f,VEC_CONTROL+UI,Observability plane,offline laboratory dashboard + evidence views,REFERENCE_IMPLEMENTED,BLOCKED,"Full VEC1 component closure requires all 2,604 actionable items and independent evidence review; this integration candidate does not fabricate that closure."
109,Attestation Viewer,Observability & Technical Institute,Displays validation and verification evidence.,109_Attestation_Viewer.md,15dcb9192ab1631be6c59c63520aacae1dadf7ad28f722ce6085440c4f11577a,VEC_CONTROL+UI,Observability plane,offline laboratory dashboard + evidence views,REFERENCE_IMPLEMENTED,BLOCKED,"Full VEC1 component closure requires all 2,604 actionable items and independent evidence review; this integration candidate does not fabricate that closure."
110,Clone Laboratory UI,Observability & Technical Institute,"Provides operator workflows to create, freeze, fork, compare, restore, and retire VECs.",110_Clone_Laboratory_UI.md,6b4ff11e748b48e13495086c60c33201be7406843a93346760a9f4afd84b8614,VEC_CONTROL+UI,Observability plane,offline laboratory dashboard + evidence views,REFERENCE_IMPLEMENTED,BLOCKED,"Full VEC1 component closure requires all 2,604 actionable items and independent evidence review; this integration candidate does not fabricate that closure."
